coinpair,length_in_days,balance,config_length,config_multiplier,no_of_orders,number_of_profit_order,average_profit,number_of_loss_order,average_loss
matic,1041.6666666666665,1112.3538805219637,3,5,724,267,7.034300894182575,457,-3.0717821842993076
matic,1196.7916666666665,2059.642386402372,3,5,918,342,10.98470593471148,576,-3.690578407546855
matic,1216.8333333333333,2189.7978148676266,3,5,969,359,14.882379975416642,610,-4.092590703905918
